,word,sentiment_label,confidence_pos,confidence_neg,confidence_neutral,confidence_highest
0,ki,negative,0.2553313672542572,0.7427354454994202,0.0019331962103024125,0.7427354454994202
62,ai,positive,0.9106706380844116,0.0888838917016983,0.0004453935835044831,0.9106706380844116
82,intelligenz,positive,0.8149936199188232,0.13081960380077362,0.054186709225177765,0.8149936199188232
158,learning,positive,0.7823137044906616,0.20211383700370789,0.015572482720017433,0.7823137044906616
313,roboter,positive,0.9471750855445862,0.05218333750963211,0.0006415459210984409,0.9471750855445862
